frequency,monetary,total_quantity,average_order_value,unique_products,frequency_score,monetary_score,rfm_score,clv_score
-0.9253429,-1.634773,-0.032673523,-0.12217001,0.09108414,-0.11737063,-0.25005338,-0.16033867,-2.4343638
1.0573121,0.629469,0.09920481,-0.016574401,0.06153016,0.21670899,0.16930953,-2.489351,-6.4226713
-1.9879969,-0.061868425,-0.006653407,-0.060768988,0.06990163,-0.5075039,-0.18802197,-0.1821705,-1.5240641
-0.3439454,-0.8619739,-0.060446076,-0.11744616,0.117713355,0.19325885,-0.26542488,0.9734606,6.6218805
-1.144811,-0.5794456,-0.044288464,-0.13862692,0.2568461,-0.07531263,-0.040592883,1.0129137,6.878549
-1.7340394,-1.2986426,-0.1881204,0.046585664,-0.0067453613,-0.101787984,-0.08295665,-0.1084794,-1.2589846
1.3795565,1.1350317,0.09410292,0.076012105,0.10156085,0.21579908,0.16731799,-2.809273,-6.5773993
1.0447074,1.1645383,-0.084994115,0.04986119,-0.10880725,0.12340337,0.120173246,0.33971766,2.1807578
-1.3205055,0.54894835,-0.06310867,0.057275254,0.18283056,-0.07573396,0.122309685,0.55333346,6.1479564
0.6223962,0.13574958,-0.07527292,-0.093677245,0.15760475,0.19020534,-0.09620572,0.5234081,3.9371505
0.85171396,-0.2864253,0.028879536,-0.12261331,0.0317216,0.2541423,0.07720394,-1.9635478,-5.6682925
-1.650668,-1.9912951,-0.1371471,-0.110314704,-0.014789945,-0.108588815,-0.39557135,-0.182931,-1.7582494
-1.0188688,-2.3542745,0.021478035,0.114722416,-0.038694225,-0.19672261,-0.24312085,2.4185236,5.9560375
-3.1195977,-0.5552212,-0.15873261,0.064491905,-0.0024791458,-0.3309972,0.017938295,-0.27440745,-0.6075272
-1.0089799,-1.2457919,-0.016275475,0.06699081,-0.049541887,-0.19732875,-0.2418671,2.3020473,6.7623615
-1.3205413,-0.87965566,-0.061507914,0.07219359,-0.05105097,-0.34613377,-0.30379492,0.7470147,6.2834787
-3.1264763,0.33210135,-0.18375032,0.13780573,-0.06451134,-0.5127724,0.09355,0.06929504,0.44539738
0.49231628,2.1831114,0.11778743,-0.14431158,0.06516462,0.38714892,0.2188015,-0.36140746,-4.4685507
-0.5369596,-0.8487483,-0.16604082,-0.06744206,0.0015789599,-0.073842235,-0.052161247,-0.114756264,-0.34792238
-0.3037311,-0.5647593,-0.06093563,-0.041607168,0.12905653,0.09537221,-0.30692488,1.0553794,6.3415833
0.8810611,1.2612199,0.087501876,-0.09174826,0.156414,0.05354112,0.32526198,-0.0046397736,3.4542646
1.5526996,-0.42301506,-0.15159176,-0.17125848,0.12723877,0.402499,0.16670457,0.04356845,1.8907624
-1.2087107,-0.721767,-0.07371854,-0.105582066,0.16562451,0.025252465,-0.25720748,1.0090011,6.8331904
-1.243636,-2.3188212,-0.0760328,0.0675212,-0.25911126,-0.33898616,-0.34063005,0.7099301,4.953929
1.7008914,0.6436502,0.06799262,-0.03891648,0.09669077,0.33898664,0.29030815,-0.1514101,1.69538
0.10517342,-1.7270064,-0.1928245,-0.14392184,0.07908046,-0.1570373,-0.23175913,-0.093732275,-1.3084236
1.1698098,0.03298591,-0.042303506,-0.13321778,0.016817495,0.17286718,0.20628643,0.30588862,3.0701423
0.10710578,0.038565304,-0.0782891,-0.17467104,0.06148094,-0.0038775285,0.07321792,-0.73537606,-5.3645954
2.6921232,-0.8682578,0.26724386,0.06528356,0.030184096,0.44105572,-0.22973265,-0.23838392,-0.8926494
-2.6458118,-1.5828049,-0.13640441,0.03336536,-0.09054958,-0.5437529,-0.15542857,0.42267537,1.3332317
-1.5631115,-0.4147159,-0.036666278,0.085506365,-0.008630999,-0.38090482,0.19042113,-0.15919475,-2.6638172
-1.0185817,-1.6057607,0.031077176,-0.09833779,-0.084801175,-0.22081128,-0.23740822,2.4255834,6.6440377
0.3880734,1.5975404,0.18176027,0.060978007,0.12080084,0.110983886,0.3488718,0.35358515,2.9276237
1.0200263,1.7233921,0.15755585,-0.08443542,0.10956939,0.026819626,0.30608252,-0.02040026,2.2710059
-1.5821358,-1.6008251,-0.19224398,-0.12815508,0.07136768,-0.31233886,-0.36610138,-0.22943728,-2.1803658
-1.1523886,-0.23932385,-0.044119623,0.048316266,0.12273538,-0.06391288,-0.051757652,1.120548,6.7801886
0.9230253,0.969865,0.11946346,-0.076380506,0.14915253,0.30142194,0.17502981,0.34175402,3.5782027
0.934181,1.1628766,0.0853712,0.116530724,0.023087803,0.31874755,0.18492235,0.07270237,3.3061504
-1.0087961,-1.5294921,0.084733844,0.010798553,-0.05630811,-0.20337017,-0.23650968,2.4304962,6.6592617
-0.72794473,-1.9634142,-0.101142384,-0.13502595,-0.027137175,-0.088115714,-0.28161523,-0.21366331,-3.6034985
1.8213489,-0.6990076,-0.18461958,-0.12755151,0.09738091,0.46203917,0.09628848,-0.6570127,-3.0054615
2.3280132,0.71229935,0.07788541,-0.11684812,0.0588338,0.21082214,0.18692636,-0.1396085,0.49093112
-1.6840239,-1.0268612,0.0048962524,-0.12920739,0.13837883,-0.06358749,-0.0034720595,-0.1484155,-0.7199935
0.9180635,-2.168482,-0.21884069,0.018476905,-0.089217864,0.3378027,-0.51908296,0.34606746,3.1937046
0.8137687,0.35525122,0.028617442,-0.109974876,-0.010739579,0.2080365,0.081290446,-2.1388962,-6.584773
-0.9823222,-1.6194268,0.04191827,0.06639328,-0.06866924,-0.19704905,-0.23982748,2.4849167,6.5914817
-2.3998826,-1.553474,-0.102475315,0.26407894,-0.124553874,-0.5280613,-0.094517455,0.39552662,1.7624592
-0.1414756,0.6548636,-0.014802124,0.013155507,0.0076990933,-0.1518723,0.18308488,0.4270097,4.706578
0.039830796,0.068968326,-0.006983686,-0.053618267,0.017540023,0.013947768,0.09752197,-0.8881833,-6.2431874
1.3325564,1.4368904,0.09975041,0.06191351,0.02744061,0.20480677,0.17259087,-2.8492045,-6.5772557
-0.79180324,-2.7075367,-0.27223846,-0.09790242,-0.0465439,0.26187915,-0.71939427,-0.017511155,0.7063123
1.5199482,1.2837954,0.11219569,-0.1277777,0.12118294,0.37273002,0.28518838,0.085421875,2.2462127
-2.3761997,-1.883192,-0.18706042,0.05014998,-0.051172823,-0.4541383,-0.26689264,-0.07673215,-0.8221393
-0.10740094,0.6529604,-0.05779839,-0.08453862,0.18616778,0.12438707,0.17593117,0.5297014,4.751447
-0.14751247,0.7551412,-0.059987225,0.045901403,0.08549249,-0.11205297,0.19267201,0.6554234,4.703374
1.0513384,0.39145157,0.08408505,0.09195904,0.12157902,0.20257363,0.081743926,-2.2900207,-6.209756
1.2530094,0.47592643,0.149639,-0.060086347,0.006540752,0.22703478,0.1685319,-2.5246704,-6.264587
0.97253054,1.4801812,0.11597636,0.2060481,0.055182368,0.10901508,0.09087436,-0.10639391,-2.4718313
1.8101605,0.4269873,-0.1263524,0.14456731,-0.07077355,0.33375493,0.17122245,0.08682659,2.2903445
1.3711729,0.70715106,0.06797743,-0.1931374,0.09437755,0.2544599,0.1935009,0.33681622,2.9977207
-1.055144,-0.7953539,-0.009868824,-0.06307189,0.08646622,-0.105486065,-0.24255472,2.0542688,7.083711
-0.97394866,-1.5528257,0.057842337,0.059226647,-0.07096298,-0.19704905,-0.24123695,2.441118,6.604663
-1.0921633,-2.1556547,-0.10341425,-0.004085935,0.050213214,-0.25772813,-0.3851403,-0.085102886,-3.3804488
0.39893204,0.87005925,0.06881053,-0.24431022,0.044181343,-0.026033789,0.36074892,-0.82218796,-3.5754447
-1.0884247,-0.86704767,-0.03921391,-0.19604927,0.030148432,-0.30147925,-0.13436322,-0.16532934,-4.593216
-1.6739842,1.6780006,0.20286016,-0.07084231,0.1884632,-0.4016316,0.48176378,0.32431445,4.2287116
2.0478816,0.83631426,0.091258384,-0.14232007,0.10345853,0.5248712,0.1360066,-0.54245365,-1.86133
0.6306672,0.034046635,0.16034031,-0.04865408,0.009874995,-0.013760859,0.08040293,-0.8344143,-6.1537795
0.4937543,1.0301445,0.11332838,-0.09718459,0.031913243,0.23888873,0.20903969,-2.2929668,-5.349087
-1.0663322,-0.7585546,-0.03045771,-0.010007412,0.09604043,-0.10571836,-0.24595535,2.0820372,7.026977
0.92884374,-0.28090566,-0.08471946,-0.09027408,0.0821134,0.35060763,0.038129125,-0.5973338,-5.566439
-0.44497845,-1.6918244,0.019291002,0.006852567,-0.09964584,-0.09263905,-0.26483738,2.2370722,6.3646073
1.4136118,1.2474861,0.095299765,0.015654128,0.009570226,0.20283622,0.17275898,-2.8429024,-6.622186
-1.1500067,-3.1092486,0.0793642,-0.016218653,-0.07875505,-0.3392066,-0.26142213,0.7108059,5.593921
1.7410012,1.7963816,0.0975128,-0.09807406,0.08715563,0.3337276,0.26291135,0.13214505,1.97689
1.2714185,1.4080101,0.1491694,0.05039342,0.04444018,0.20599109,0.17259087,-2.8587759,-6.5547113
-0.02715473,1.1922165,0.15955077,0.21778233,0.0155527685,-0.10712745,0.24105017,-0.7060197,-4.8682194
0.041059494,-0.8095132,-0.031884953,-0.086498074,0.12603113,0.16955218,-0.34134224,0.91854787,6.0618587
1.4361845,1.2563828,0.3034025,0.11964772,-0.075430885,0.121151194,0.18852839,-0.13183591,-1.6078562
0.68116415,0.9767445,0.12949964,0.07919453,0.076773554,0.09416498,0.17998764,-0.13398118,-2.4764838
-1.0891296,0.10059845,-0.056804124,-0.0855938,0.16964845,-0.23115486,-0.019731496,1.9742169,6.48759
0.45596084,-0.89339465,-0.12236559,0.12559104,-0.015736159,0.28513107,-0.32177764,0.052867427,-2.2381535
-0.2314079,0.22051863,-0.034017432,-0.12860508,0.14007787,-0.06891254,-0.005675651,1.040023,5.8924055
1.384816,0.50515,-0.08315378,-0.029597078,0.09351053,0.23366576,0.28483963,-0.13424054,0.280644
-0.29031327,-3.2933571,-0.18856564,-0.061417177,0.021014515,-0.008697318,-0.6812897,-0.24464284,-0.43773156
1.9778812,0.7094049,0.01675472,0.07852004,-0.010671676,0.38055944,0.20004521,0.06953224,1.5032986
-1.8550421,0.12131245,-0.1665467,0.03052579,-0.14645685,-0.53728664,-0.20194536,-0.18934527,-1.3512329
0.8634586,0.49725556,0.101319514,-0.08798489,0.115739584,0.2344247,0.24048996,-0.12934564,-0.043474898
-0.042402558,0.2074309,-0.052720696,-0.03623834,0.106180385,-0.07363072,0.017368942,1.0880524,5.422288
-1.9421222,0.28498536,-0.20634082,-0.073387496,-0.14385964,-0.539462,0.2385819,-0.18149553,-0.9337921
-1.4858363,0.42788696,-0.041240532,-0.09855644,0.16115458,-0.2501526,0.117463715,1.0109402,5.3185368
-0.099366255,-0.94136035,-0.094363645,-0.1390344,0.27064148,0.28305978,-0.10811187,0.14023401,2.8103542
-0.09091846,-2.0633082,-0.24800678,0.03333144,-0.08956752,-0.28902045,-0.11471342,0.31776142,1.8399109
-1.0393044,-2.5043907,-0.048989646,-0.15484343,-0.20952296,-0.21989466,-0.24285299,2.430577,5.808016
0.26062685,0.24528159,-0.056782264,0.047205117,0.01728853,0.002452696,0.09887162,-0.8715969,-6.3477645
-1.0837759,-0.9706599,-0.053749952,0.047725182,0.018281773,-0.21072093,-0.2416274,2.1581862,6.876883
-0.7922646,1.4585866,0.20093192,-0.08989694,0.12607084,-0.28626138,0.379947,0.26442647,2.4858723
-1.0230942,-1.5462955,0.019203931,-0.08724001,-0.08468672,-0.22190273,-0.23921731,2.392295,6.6787963
-1.1985165,0.6021492,-0.026130315,-0.199685,0.29422548,-0.067017846,0.042908985,0.53898925,5.7713294
1.3806098,1.3197602,0.15122043,0.030010534,0.06307214,0.20731337,0.1757135,-2.7922204,-6.4299455
-0.029736144,-0.30875736,-0.100797795,-0.12274079,0.07631557,-0.009914994,0.069559164,-0.8560856,-5.367919
0.67649627,0.6256445,0.1035123,0.023345705,0.028070027,0.23949553,0.2203314,-2.2960615,-5.51371
-0.22794083,1.1257426,0.1596069,-0.05286547,-0.07053342,-0.19678979,0.21392614,0.45070082,3.416995
-1.4343143,-2.1387606,-0.23512743,-0.16930662,0.018493919,-0.33807823,-0.31423488,-0.020190027,-1.1620914
-0.75539845,-0.45748058,-0.11602449,0.10080846,0.0030513941,-0.13227247,-0.167721,-0.076673105,-3.8675206
-0.874537,-1.3335881,0.14769876,-0.097151645,0.13854982,-0.14987074,-0.21355379,-0.09457219,-1.1218979
-1.1366918,-0.32664868,-0.049472276,0.05317015,0.12786421,-0.06985718,-0.052508835,1.1018294,6.825446
0.5059501,0.06031977,-0.0054685827,-0.20711325,0.16091433,0.18000136,-0.07066751,0.5247151,4.5715203
-1.5119021,-1.5010661,-0.19224054,-0.086449645,-0.013721765,-0.30234253,-0.36347443,-0.22076409,-2.2857373
-0.13050905,0.6905335,-0.055469763,0.4421027,-0.102274455,0.09379538,0.16862781,0.5254254,4.837279
1.5235512,0.64994454,-0.07173075,0.04758252,0.10876841,0.27993494,0.3015439,-0.12194738,0.9934722
-1.1296109,-0.04315733,-0.014004215,0.44320098,-0.13513216,-0.25640652,0.0057782363,1.0124446,6.0279264
-0.02082515,-0.07179236,0.10594874,0.04231507,0.06459484,-0.0070374613,0.12284404,-0.7600453,-3.3635826
0.8143097,1.717505,0.13626963,0.45488188,0.11033373,0.12662104,0.18634726,-0.07962595,-1.6633356
-0.55264777,-2.5918095,-0.19693716,-0.072665066,-0.02270323,-0.08079649,-0.44491547,-0.22465502,-1.1491534
0.6523752,2.2867298,0.22911689,0.04248604,0.06254915,0.21807279,0.45523623,-0.035572838,0.91526544
-0.49967912,-0.59560275,-0.097266816,-0.0815731,0.13361023,-0.07590398,-0.03435508,-0.2936847,-5.4720716
0.56088924,0.50431335,0.025309827,0.021486599,0.06961646,0.066709526,0.06883047,-0.16986386,-3.9766252
-1.0198926,-1.5670773,-0.031656146,-0.104809314,0.0018641939,-0.22236526,-0.24499276,2.3786438,6.7100544
-0.11676427,0.8553021,-0.048666023,-0.04747173,0.12471534,-0.19167648,0.18492968,0.44408217,4.7278304
0.9190551,-2.4703243,-0.0860704,-0.14671193,-0.066837735,0.4065059,-0.40792727,-0.056498375,1.1182007
1.5979363,2.7120025,0.3161679,0.16533066,0.075321406,0.3640774,0.24865116,-0.1264865,-3.3070996
-0.04209494,0.07087818,0.012573702,0.05539457,0.034941997,-0.012756428,0.060548384,-0.72096354,-5.028268
-1.1592629,-0.3951935,-0.05057335,-0.10576446,0.16235246,-0.07525699,-0.04267134,1.0323995,6.92349
-1.0160804,-2.3760846,-0.07400298,0.110652596,-0.04736552,-0.19672261,-0.24820071,2.4335613,5.895305
-1.1052412,0.27611926,-0.0663388,-0.028021187,0.16300581,-0.23283361,0.00448411,1.977388,6.2347736
-1.0025914,-1.3309634,0.03269746,0.04533808,-0.052504692,-0.20403588,-0.23807716,2.3595984,6.6575165
0.18333341,-0.5271966,-0.013097562,-0.09942606,0.2244055,0.20766544,-0.0053648083,0.49601054,4.8193464
-0.061817117,0.27135602,-0.08709331,-0.16065902,0.14734696,0.10917836,0.028083567,0.691027,5.3051805
1.3899705,1.324069,0.15824428,-0.03817544,0.046218313,0.20612906,0.17549244,-2.8126354,-6.444738
0.62865,0.16711602,-0.0028106133,-0.024158772,0.024840664,0.20872909,0.08366079,-2.0380194,-6.487447
-0.038683027,0.82274467,0.14349526,-0.07605596,0.028207416,-0.09346427,0.23106855,-0.6991815,-5.3947287
-1.286376,-0.13940975,-0.097483,0.23200245,0.047286153,-0.27146754,0.07794087,-0.21705917,-4.0681143
-0.29935843,-1.0093654,-0.07001605,-0.09781389,0.060058482,0.07308117,-0.26378778,0.9784985,6.594937
-0.046938207,-0.06627012,-0.012785087,-0.08907412,0.1486784,-0.07112399,0.025899589,0.63544863,5.6442356
-1.0698937,-0.6372281,-0.053231306,-0.0977453,0.16138537,-0.21349958,-0.26842764,2.0851786,6.8637943
0.43447658,0.47870094,-0.048153292,-0.20162511,0.14441662,0.102375716,0.18888006,0.4990911,4.5302706
-0.25573868,0.15933682,0.10954384,-0.13877587,0.19660026,0.08711617,0.24689722,-0.17170092,3.6019986
1.6511772,-0.44451815,-0.12944433,-0.040048037,0.052437134,0.35051462,0.05009022,-0.54220694,-5.287068
1.5547198,1.4873706,0.09768504,0.033318084,0.10951767,0.38755077,0.28042635,0.08924845,1.9401096
-1.042911,-0.33798906,-0.05226386,-0.101700194,0.14328384,-0.22625495,-0.047426585,1.9577658,6.931168
-2.3585193,-2.5732741,-0.08980859,-0.09056564,0.14826387,-0.43504176,-0.6731955,0.22275978,1.9092225
-0.056677196,-0.5006031,-0.062448535,-0.16468534,0.019628802,0.004932728,0.094009966,-0.86424476,-5.750877
-1.2211816,-0.9181318,-0.050634377,-0.076692104,0.116332464,0.033491727,-0.25458762,0.9827767,6.9785013
-0.2673754,0.31635457,-0.088998646,0.08632352,-0.05810645,-0.16493228,-0.17302926,0.43618256,2.8800895
-0.06201995,-0.02590966,-0.032726597,-0.021820698,0.05350738,-0.005312756,0.073078275,-0.7133377,-5.243843
-0.28805298,-1.3475224,-0.15594773,0.098993674,0.026518272,-0.11153235,-0.17002043,-0.33151528,-3.722302
-2.027693,-3.3415267,-0.15091573,-0.031067276,-0.09289042,-0.3547844,-0.6859537,0.08945062,1.7784657
-1.0753069,-1.58472,0.032011066,-0.1243224,-0.022548083,-0.14260985,-0.21471256,-0.13104638,-1.5792253
-1.0547547,-0.8697535,0.04881547,-0.07067058,0.102904685,-0.10484171,-0.24074563,2.0558548,7.0550556
0.9056206,0.47547242,0.051647197,-0.1333117,0.018731335,0.22362928,0.16984347,-2.4532819,-6.4073477
1.0297426,0.45242497,0.032847516,-0.06990543,0.14590919,0.34765223,0.16034514,0.06728604,3.575727
-2.800001,-1.301338,-0.11165169,0.04576148,-0.0779161,-0.66766703,-0.20388916,0.14258133,0.2661902
0.86765677,-1.1120758,-0.078752324,-0.10025098,0.124798946,0.34706184,-0.08827905,0.14985056,3.2407808
-0.9434905,-1.3499401,0.078290224,-0.066404,0.11099447,-0.09145525,-0.23799473,2.1705377,6.84726
1.1666278,1.2231181,0.2034109,0.0023874491,0.006461123,0.2036777,0.16731799,-2.7683558,-6.6323075
1.3460039,1.4035773,0.10367923,0.0104854,0.067452185,0.20564827,0.17080328,-2.861962,-6.5284023
-2.857643,-0.31492895,-0.13438983,0.16362509,-0.09270539,-0.6421875,-0.16798131,0.44954312,0.8545654
0.5359465,0.18994537,-0.089934275,-0.07556766,0.09085068,0.15634067,0.21261355,0.27885464,3.1781187
1.7072718,0.312271,0.049379263,0.027478572,0.018092502,0.38202563,0.28476313,-0.21843901,1.6950101
0.3066289,1.3806741,0.22544432,-0.12704027,0.091397256,0.01956288,0.17915064,-0.067711875,2.4617178
-1.2057805,-0.1605149,-0.085828446,0.099027045,0.11467408,-0.24972565,-0.009402459,1.0575144,6.473574
-0.20158121,1.2385811,0.12638228,-0.19620802,0.072643876,-0.094118364,0.36448655,-0.72358286,-3.9505131
1.5615284,0.95225984,0.1147034,-0.015954036,0.09728187,0.37572196,0.13038298,0.09406187,2.5256448
0.70330447,0.6084526,0.042980283,-0.12484942,0.030556588,0.24562885,0.21263695,-2.2608786,-5.501597
1.6574482,1.1411517,0.08421934,0.050178446,0.08623293,0.21587199,0.17080328,-2.818273,-6.114147
1.1517457,1.1984848,0.20211789,0.07370126,0.042862065,0.20426048,0.17259087,-2.8092868,-6.7297254
-1.7732376,-0.4548965,-0.2167194,-0.16877057,-0.11341803,-0.2999183,0.049259886,0.15470856,-0.44600058
1.6588634,0.5925366,0.07165789,-0.14374115,0.09891036,0.31385866,0.29499018,-0.13829143,1.6347756
2.242811,1.2542529,0.12461319,0.031510714,-0.1153253,0.6217676,0.20366466,0.10044623,1.8067577
0.19485341,-0.3390128,-0.1003293,0.062007647,0.02507852,-0.012080573,0.06686965,-0.85652727,-5.3771906
1.1134679,-1.3196275,-0.13369504,-0.11135029,-0.047033027,0.35765862,-0.5311479,0.36481616,4.107901
-1.18075,-1.615554,-0.07911657,-0.07030753,0.040244892,0.07979265,-0.25458762,0.8916357,6.710756
0.06290251,-0.20495132,-0.04886534,0.053874362,0.013504208,0.15476653,0.0033759126,0.49102378,5.279751
1.4880239,1.3611344,0.1835144,0.04494379,0.06156704,0.20552744,0.17080328,-2.8637142,-6.381647
-1.0848027,-0.7775575,-0.050456088,-0.11331433,0.12114339,-0.2232387,-0.24102905,2.1251247,6.9545927
0.8824152,-0.1504047,-0.1154523,-0.054229308,0.030832559,0.34732646,0.042042222,-0.66099226,-5.554858
-1.4369627,1.4680399,0.108017534,0.40674707,-0.123946145,-0.29792878,0.24061362,0.93321294,4.6340823
1.162723,0.308962,-0.051334977,-0.017060408,0.014677484,0.21457972,0.0803226,-2.17647,-6.5263515
-1.0383637,-1.5197058,0.016745824,0.017373674,-0.059431177,-0.20399953,-0.23921731,2.4214766,6.67951
0.061835513,-0.4130955,-0.06666398,-0.19129327,0.025066597,0.00672528,0.059963655,-0.77664155,-4.6048393
1.0172347,-0.44066566,-0.10695336,0.09799683,-0.026825849,0.29706863,-0.08754443,0.64731693,4.193681
1.413754,1.8249059,-0.062424008,0.089062974,0.07009017,0.13827543,0.19895926,-0.14523861,-0.98043454
2.0578876,-1.1148918,-0.21595594,-0.1271255,0.07988888,0.5103542,-0.21980232,-0.56372744,-2.5982306
0.18166085,0.033412293,0.009275425,-0.030231616,0.0070691276,0.012101111,0.100262605,-0.8753585,-6.138785
0.8577262,2.7513573,0.2287991,0.4081288,-0.022727499,0.37359697,0.4388352,0.21158832,1.6187658
-0.71159256,-1.6061217,-0.16129254,-0.14809631,0.072978325,-0.10356271,-0.25192145,-0.20910631,-3.9663336
-0.4676095,0.035673015,-0.010630282,0.07908042,0.0067319637,-0.068453595,-0.13195693,-0.09283779,-0.20986739
-0.15309064,0.8820942,0.08971202,-0.032082777,0.07859819,-0.16921118,0.2685038,0.44313836,3.8781052
0.37139598,1.3284694,0.09835016,-0.20163435,0.00076741655,0.10412977,0.09946371,-0.11921212,-2.7990637
-2.7670865,-1.2958671,-0.1288811,0.035575,-0.094354875,-0.61203146,-0.16674212,0.43415168,0.88269025
-0.024626445,0.40100485,-0.04060015,-0.05014341,0.077441186,0.104844086,0.012403198,0.52352846,5.303713
0.8061592,0.037009615,-0.08361051,-0.06976851,0.042793747,0.23667288,0.08137266,-2.005459,-6.2571564
-0.13076437,-1.033458,-0.15539931,0.039604537,0.013806654,0.2813162,-0.27833936,0.040791396,-1.9028368
1.0478973,1.2518361,0.18139516,-0.06950343,0.11120476,0.2094309,0.17276567,-2.7364519,-6.315279
-2.4323168,-1.4798324,-0.1976238,-0.08261529,0.008814713,-0.47833008,-0.3365514,-0.05927174,-1.4826343
1.3042167,1.3102207,0.17374286,-0.063615516,-0.022351298,0.20571175,0.17060226,-2.820444,-6.5824137
0.5348081,1.1555345,0.12397412,-0.09331056,-0.005290466,0.21634597,0.16777733,-2.3443146,-6.886859
-0.5019122,1.7483193,0.21104135,0.05066359,0.1484186,-0.25814298,0.3791687,0.25404155,2.957155
-1.0659615,0.5693409,0.10266844,0.18046136,0.044448376,-0.32048824,0.32311276,-0.6730709,-5.0509152
0.26032308,1.7154014,0.08437594,-0.24773242,0.037875243,0.04794212,0.37231603,-0.39667878,-3.8541727
-0.94822407,-1.3159776,0.06578411,-0.08907895,0.10681681,-0.21866876,-0.2345776,2.1889374,6.827522
-1.0136373,-1.2257054,-0.051955234,0.1097186,-0.061236996,-0.19678122,-0.24631533,2.2981198,6.737878
0.34437463,-1.9590206,-0.20319812,-0.06263271,0.046389528,-0.07734019,-0.5613997,-0.14809489,-0.67431587
0.4375749,1.1983563,0.124721326,-0.013353424,0.04262907,-0.0865916,0.174784,-0.5826147,-6.203259
-1.0450503,-0.80883306,-0.012445378,-0.122476466,0.11076101,-0.2185,-0.26838312,2.094137,6.9916425
1.3027561,-1.3769226,-0.27727428,0.076261476,-0.03180115,0.28609636,-0.34424913,0.038722657,-1.3489912
2.801506,-0.79164106,-0.19345997,-0.017836923,0.10954575,0.29105285,-0.17619468,0.08985486,-0.4931911
-1.2524555,-0.4864102,-0.22374408,-0.120288126,-0.022310086,-0.27844867,0.17156477,0.16787188,0.47806716
0.3051493,0.975386,0.042709276,-0.04407406,0.083318554,-0.08831594,0.2886619,-0.013878499,0.7411196
-0.16505446,0.16168949,-0.093541816,-0.06176828,0.12263946,0.15057161,0.18371592,0.26883256,4.470919
2.3609927,1.0508448,0.0454849,0.048486415,0.076208755,0.5186298,0.2004402,-0.13696273,1.7295301
-0.36176133,0.014520576,-0.088193804,-0.023529124,0.01874719,-0.1573284,0.07920522,-0.67642474,-5.1556926
0.764966,1.6383008,0.22178364,0.13898689,0.04192545,0.1336406,0.17748332,-0.09554162,-2.0638533
0.3390161,-0.25223902,-0.0063734576,-0.05728028,0.10115136,0.15644683,0.016956665,0.65310377,5.353902
-1.7557969,-1.0011892,-0.23536427,-0.12350975,-0.03300023,-0.34568182,-0.019084245,-0.21300107,-0.85154104
-0.044065937,-0.12255544,-0.07682817,0.10977123,-0.12102273,0.016978603,0.06543995,-0.7284873,-4.9892797
0.5503608,1.1963242,0.10208111,-0.11052278,0.20728244,0.14551096,0.22683439,0.53800416,3.882246
-1.285498,-2.8940697,-0.18504778,-0.010006364,0.0015820464,-0.008372676,-0.5645764,-0.25914404,-0.9697361
1.2937083,0.73592484,0.06829042,-0.12198659,-0.0067989742,0.21661709,0.16899219,-2.529332,-6.7128544
-1.483073,-3.3394344,-0.25268307,-0.05589314,-0.23825377,-0.3576789,-0.44527623,0.62931883,2.6361222
-1.1946857,-0.107941434,-0.07191923,0.058820173,0.14913376,-0.24881782,-0.016525619,1.0494378,6.5264196
0.59823614,0.8639542,0.10231091,-0.07436093,-0.011670103,0.21177249,0.1669997,-2.2256308,-6.859282
1.0233881,1.2148106,0.109985456,0.035664484,0.07624057,0.21585707,0.17165452,-2.6909342,-6.6189337
1.5160012,1.3545371,0.15280437,-0.006599918,0.081293106,0.20265229,0.17057306,-2.8501673,-6.3688774
-1.091154,0.07129644,-0.053363413,0.044763602,0.1702666,-0.23517966,-0.021670494,1.998597,6.4573975
-0.81247365,-1.6734734,-0.1579727,-0.15405978,0.08633469,-0.11089113,-0.25603822,-0.14662164,-2.858143
2.8127868,1.7960987,0.18866828,-0.046718087,0.09042735,0.5085688,0.40084574,-0.307355,-2.323621
1.2205116,1.3856658,0.15264939,0.11458862,0.01538947,0.20350628,0.17491059,-2.791306,-6.5719924
-1.0872217,-0.8106071,-0.0024743855,-0.11344755,0.089144535,-0.1137483,-0.23907948,2.0644825,6.9218774
1.3559932,1.3200288,0.15014935,0.072017446,0.06244129,0.20718724,0.1766953,-2.797332,-6.4212213
-0.82136345,-0.49129713,-0.014987078,0.049371988,0.010465666,-0.13237001,-0.16508138,-0.09134126,-3.9067037
1.436388,0.51998264,-0.12532996,0.062354695,0.08345623,0.20010838,0.2349177,-0.16848469,-0.7966456
-1.7903405,-3.1081808,-0.19561476,-0.10326026,-0.031875703,-0.3578443,-0.57345015,0.6414868,2.4715319
-0.1419532,1.2285461,0.09366883,0.06610765,-0.03255011,-0.15334737,0.18042903,0.67108756,4.5870523
-1.6697145,-1.0778359,0.04668865,-0.10213736,0.11436141,-0.11987619,-0.24335025,-0.118013486,-2.0451128
-2.3410819,-2.3131697,-0.12640148,-0.12664242,0.033571463,-0.27845052,-0.49379358,-0.12779967,-0.7147984
0.2904808,-0.4105033,-0.051432315,0.0032037327,0.08864244,0.124778785,-0.37735054,1.0218785,5.2859983
-0.20636185,0.023433514,-0.04049375,0.07995989,0.09537273,-0.065124944,-0.01570796,1.1088907,5.8607078
-0.29915202,1.2968564,0.10160234,0.12274215,0.08388868,0.058930203,0.39127356,-0.076420516,3.9554756
0.584247,0.8300995,-0.06065802,0.10483014,-0.07663044,0.14082159,0.22310553,0.31587827,3.7159557
-0.14021523,0.7281168,0.122199304,-0.06062674,0.0741709,-0.11332776,0.25911087,0.43429324,3.791134
-0.6640977,-1.2240367,-0.04463563,-0.18753743,-0.0014628854,-0.09275655,-0.1471587,-0.34057987,-4.64605
-3.2256236,-0.06897855,-0.17386031,0.045092937,-0.005778684,-0.53667486,-0.022692364,0.07135413,-0.63094777
-0.57748365,-2.6487014,-0.13328876,-0.025707126,-0.06297793,-0.3210811,-0.7091704,0.2095441,0.70768315
-1.0500168,-0.8913172,0.051624212,-0.08149226,0.12065717,-0.107152514,-0.27125636,2.0392797,7.0119176
-0.96852815,-1.6134906,0.013930302,0.12118575,-0.1316425,-0.19672261,-0.24229851,2.452139,6.521113
1.5634909,0.78279155,0.13964473,0.028604915,0.12359856,0.42698196,0.2925067,0.06632193,1.6553111
1.8030416,-0.31544763,-0.118817694,-0.15786514,0.05452353,0.48132187,0.13783234,-0.58195263,-2.7357872
-1.6358194,0.42225757,-0.041583102,-0.118025795,0.13400342,-0.3646473,0.09881199,0.43677184,4.8856754
-1.0097,-0.84399194,-0.015145135,-0.16839974,0.016220436,-0.11690206,-0.26901838,2.0305057,6.913358
-0.38154685,-0.7751936,-0.058344543,0.13400583,-0.13679855,-0.10148522,-0.27531183,1.9418404,6.341146
1.3412774,0.30830443,-0.0012203446,-0.11381687,-0.017188305,0.24199021,0.23114917,-2.368532,-5.3485084
-0.05573176,0.6489284,0.13015883,-0.16807973,0.03274216,-0.10698159,0.18598473,-0.73276466,-5.744089
1.2231892,0.7499404,0.11083693,-0.1236571,0.021973517,0.21666865,0.1685319,-2.4989402,-6.701216
0.07205254,-0.12685944,-0.056843437,0.080201186,-0.03825626,-0.068498194,-0.010565429,0.6534777,4.6773615
-1.0690008,-0.6815893,-0.054929648,-0.00028929778,0.09658013,-0.20140785,-0.24508238,2.1336462,7.0488677
-1.1018068,-0.75473624,0.041616853,-0.029785331,0.0967671,-0.11228145,-0.23761463,2.1096873,6.892523
-0.9255207,-0.46738383,0.012528392,0.01790215,0.06618712,-0.13267489,-0.28280506,-0.08979576,-2.294994
-0.14101027,0.6278602,-0.059049457,-0.052184325,0.09553718,-0.07464615,0.1870711,0.6667298,5.1108637
2.029446,2.1353722,0.28763038,0.14859499,0.21129297,0.33739343,0.19044791,-0.017153341,-4.5677304
0.44870666,1.7882199,0.071708575,-0.029791836,0.07092155,0.38559493,0.19772029,-0.3384157,-5.2937083
-1.1473432,-2.8936548,0.0043336367,-0.10583792,-0.08936627,0.07533105,-0.25669917,0.9080394,5.6815557
-1.0664672,-0.6341674,-0.049826283,-0.11297629,0.10924968,-0.21980375,-0.24179897,2.097884,6.952402
-0.70184344,-0.36360598,-0.050233155,-0.18977349,-0.00056361454,-0.14976755,0.085785545,-0.7066238,-5.319217
-0.29588637,-0.4927741,-0.1254447,-0.04162318,-0.1665897,0.018086405,0.102874845,-0.83866584,-5.815677
0.46314043,1.8282591,0.10897864,0.02886587,0.056516495,0.39262453,0.17756385,-0.31253207,-5.247712
-1.5405675,-2.2010214,-0.11123607,-0.10410873,0.0071841497,-0.3345776,-0.3866344,-0.27750453,-1.7303756
-1.057532,-0.28529367,0.013854388,0.04268107,0.16544414,-0.215683,-0.058859315,1.9975517,6.6970596
1.1155952,1.2554702,0.14686497,-0.007437586,0.052060544,0.20357853,0.17165452,-2.7637813,-6.6033807
-1.084577,-0.6919142,-0.055851042,-0.0037295006,0.093717165,-0.20391087,-0.2423242,2.1477084,7.0184436
0.047024786,0.03821631,-0.06277442,-0.10366685,0.0961589,-0.0502844,0.02318943,0.62151873,5.171716
2.039264,0.071469694,-0.12087127,-0.068629354,0.11289448,0.40603334,0.001088702,0.110647075,1.7045153
0.49967504,0.76131994,0.12272862,-0.08296343,-0.00034068653,-0.093299866,0.22221094,-0.6775576,-5.453729
-0.11819323,0.4016886,-0.10637684,-0.060968988,0.10309255,-0.17781277,0.18169928,0.4179768,4.679374
0.06775972,-1.4235466,-0.15111698,-0.18802997,0.08579147,0.050727006,-0.15857762,-0.72572535,-4.3307443
0.88762397,0.11277776,0.03029953,-0.13391753,0.089725986,0.085230686,0.14067885,-0.19086549,-3.1161888
-1.9012891,-0.11660936,-0.041183867,-0.046122253,-0.026241686,-0.42212605,0.042466503,0.441186,4.082839
0.7557981,-0.27245462,-0.05798693,0.25048208,0.22849524,0.0029864565,0.07885194,-0.80452704,-5.4698567
-0.18818524,1.4650509,0.19488187,0.05002675,0.11688943,-0.027183687,0.32329768,-0.040849958,1.0675739
0.49600744,0.7883054,0.22082426,0.06867741,0.0485008,0.086600766,0.10263601,-0.110220976,-3.0134413
-0.71089995,-1.717035,-0.02966278,-0.13211848,0.19489528,-0.3182477,-0.27052027,0.34717286,1.1971538
1.2240652,0.24432124,-0.07297724,0.02715552,0.08100882,-0.0040426455,0.058021326,-0.6759595,-3.9005735
1.0140625,0.3554787,-0.037359122,-0.05132545,-0.025815016,0.21305695,0.17373386,-2.3406575,-6.1309266
1.3256186,1.2257264,0.10712153,0.058108702,0.06422575,0.2107044,0.17080328,-2.8475828,-6.6235
-1.1547958,-0.023634829,-0.039966065,0.025127655,0.19333576,-0.07135843,-0.042541012,1.0762185,6.7071586
-1.0851372,-0.77048296,-0.060197964,-0.0012204318,0.09573743,-0.20423463,-0.24074143,2.1485932,7.056996
-1.0487616,-0.4710224,-0.05772144,0.06790922,0.07447971,-0.2133429,-0.055132303,2.0355053,6.9580584
-0.30046007,-1.1329597,-0.053953875,-0.029614354,0.023948986,-0.09987603,-0.16142173,-0.33882764,-4.453743
-1.0600227,-0.4308029,-0.043295708,-0.115920104,0.09546178,-0.22172272,-0.053506404,2.0071318,6.9266977
1.371855,-0.16916092,-0.10435899,-0.07220186,0.10824794,0.32778442,0.066943526,-0.5253091,-5.896868
-0.17362334,2.7480857,0.16189964,0.2665233,0.036301635,0.015694087,0.19016157,-0.10353185,-4.93207
-1.0923942,-0.8152925,-0.011602706,-0.016162116,0.030895075,-0.2055175,-0.23865044,2.1564708,6.9934497
1.4316171,1.3826104,0.1368731,-0.054175433,0.1017935,0.20580167,0.17191443,-2.8718352,-6.5105066
-1.1623605,-1.9181842,-0.14121075,0.18535009,-0.009767536,0.06744909,-0.27529287,0.95110434,6.3537445
-1.7071753,1.654706,-0.12483237,0.13223481,0.08854578,-0.4055082,0.3352992,0.508773,4.2853823
-1.3099263,0.18321554,-0.0237371,-0.11012987,0.20911144,-0.25631112,0.07223887,0.96954924,5.6861844
0.14871185,-0.5428333,-0.1044959,-0.022233607,0.030882537,0.020393502,0.10152725,-0.8639177,-5.9837346
-0.91958946,-0.25024647,0.0008938678,-0.11815083,0.038426965,-0.12230533,-0.27235052,-0.080771275,-1.7094812
0.6004838,0.6174929,-0.07997753,0.07991308,0.08065978,0.11714633,0.24591464,0.32145822,3.955934
-0.28416967,-0.9019142,-0.07423298,0.105301805,-0.023572162,0.18674044,-0.27396756,0.95963216,6.567975
-1.211956,0.300142,-0.09085221,0.07653364,0.18125755,-0.28473446,0.07162024,1.0056016,6.4478607
-1.5506606,-1.7321702,-0.016785624,0.03702269,-0.033334922,-0.3244203,-0.38353878,-0.26503333,-2.140269
-0.08218685,-0.37767038,-0.016816476,-0.087141134,0.1541762,-0.049902696,-0.38475987,1.0285156,5.578574
0.541747,0.547074,0.07930849,-0.15212479,-0.07434601,0.12731197,0.1806658,0.313224,3.5965223
-0.2851958,-0.31467107,-0.04152768,-0.058771387,0.07843694,0.13266683,-0.016917706,0.60129,6.363937
-1.2542374,-1.2644485,-0.18315424,-0.0987306,-0.020023996,-0.28826177,-0.14422336,-0.19876498,-4.017813
0.69558376,0.028391682,-0.011130141,0.21431175,0.17458938,0.006355266,0.081377044,-0.8011712,-5.8265076
-1.0323673,-1.2042232,-0.04620855,-0.0882604,0.026760617,-0.22176237,-0.23808008,2.2133281,6.904672
-1.3537626,-0.47788256,-0.018371988,-0.0831515,0.054072607,-0.32962015,-0.1401699,-0.16970922,-3.6164784
-2.6616728,-0.08888336,-0.10217853,0.16856039,-0.090429105,-0.613167,-0.16905017,0.48555073,1.464481
1.5059813,1.3503575,0.1643483,-0.03542824,0.06350472,0.20559123,0.17080328,-2.8799453,-6.404079
3.1310735,0.25830993,-0.022109725,0.012761565,0.11721742,0.42601407,0.049704064,-0.23381917,-3.4716773
-1.1602105,-0.19827905,-0.15455641,0.16620225,-0.14924188,-0.19597839,-0.34592283,2.125979,5.3430686
1.9159483,2.5608692,0.32692826,-0.105823115,0.010108827,0.41715595,0.24910775,-0.14432175,-3.2637513
-1.0187856,-0.4469824,-0.04247291,0.053819843,0.080948636,-0.20342349,-0.056245398,2.0222275,6.963083
-2.275358,-2.1614828,0.018066831,-0.10103688,-0.03202943,-0.41246888,-0.34342226,-0.0676368,-1.7233427
0.14594811,0.21824087,-0.10896401,0.26293853,0.07463413,-0.0029463014,0.061712135,-0.7217132,-4.299702
0.15024064,-0.12901486,-0.114797555,-0.030564537,-0.12689637,0.008668119,0.10182786,-0.8498923,-5.86366
0.88111717,-0.6356729,-0.044700887,-0.09512326,0.15711924,0.32236332,-0.06651724,0.44861406,4.506957
1.7464522,1.4270327,0.109025665,0.07807931,0.079262525,0.2994006,0.19403997,0.09553126,1.22853
-1.2493651,-1.0557317,-0.05474324,-0.08789941,0.026030589,0.07657747,-0.25458762,0.95974785,6.8522716
1.2902968,1.4168056,0.18401676,-0.048855856,-0.009174839,0.20612906,0.17191443,-2.8186781,-6.5314884
0.7149995,-0.6613235,-0.18342854,0.14208142,0.024524808,-0.08589245,-0.016939031,-0.08258454,0.28754702
0.52952874,-0.99473906,-0.15265547,-0.15963846,0.024024121,0.051066063,-0.020353355,-0.7028807,-5.6657634
1.3065503,1.3857191,0.16353837,-0.06515601,0.037877023,0.20571175,0.17408755,-2.8349361,-6.488846
-2.2029746,-2.159415,-0.10258622,-0.14266042,0.006333147,-0.36945635,-0.6577128,0.77889323,2.2454658
1.7077377,0.60071045,-0.0024675084,-0.059928603,0.13274014,0.31483513,0.30710587,-0.13292286,1.6117991
-1.0225992,-2.453923,-0.07625731,0.07154727,-0.055652272,-0.19653377,-0.24640033,2.456133,5.8677616
0.44219187,1.0048652,0.051706515,-0.11257721,0.016114978,0.22582881,0.16663706,-2.345282,-6.47884
-1.0921115,-0.7317655,-0.049139813,0.103162125,-0.010981537,-0.2091576,-0.24889019,2.1709845,6.84246
-1.8345389,0.106767975,0.016362976,0.039154388,-0.005989219,-0.3754549,-0.020174297,0.21669398,-0.30169272
0.367937,-0.5346879,-0.118935384,-0.21198499,0.051772438,0.00014877552,0.05714635,-0.7467337,-5.333723
0.47132427,-0.80395645,-0.13850951,-0.15860069,0.022637293,0.03570043,-0.02049851,-0.70465344,-5.733268
-2.0905385,-2.0036352,-0.14180575,-0.09467675,0.15039638,-0.3004478,-0.34374687,-0.29360396,-1.7887367
0.24104568,-0.05271654,-0.035386957,0.10051042,-0.032897085,0.17134254,0.13473828,-0.18813829,-2.5098853
-1.9828349,0.38940176,0.047617037,-0.07983979,0.1065119,-0.55865574,0.2246629,-0.18038657,-0.7789931
0.046658583,0.50993717,0.03948065,-0.035049967,-0.006326383,-0.046021566,0.23257509,-0.85097325,-5.2745633
-1.3350567,-2.1120982,-0.23431846,-0.12333686,-0.0033800376,-0.33116588,-0.33934346,-0.025436588,-1.3001868
-0.49655068,1.2601782,0.13962208,-0.09069911,0.04723101,-0.101721115,0.239311,-0.6799667,-4.994077
-0.27062994,-0.33948576,-0.013661898,-0.11553072,0.14092688,-0.124518774,-0.33201987,1.8519636,5.8824677
0.27796844,-0.40557545,-0.019317374,-0.1346873,0.09425498,0.11098841,-0.3639455,1.0112276,5.326085
1.0414933,0.61605597,0.055965398,-0.12160091,-0.013260752,0.21666865,0.1698077,-2.4834626,-6.507842
-1.5704261,-0.7810376,-0.24495181,0.09585226,0.043459855,-0.030401438,0.025111843,-0.16466732,-0.334622
-1.171951,-0.3548631,-0.027505303,-0.13054663,0.14590845,-0.0804383,-0.054824222,1.0677618,6.798688
1.3436012,1.0650948,0.04671492,-0.014428137,0.109632686,0.34802327,0.19000128,0.0944977,2.879641
-2.3969898,-2.3030148,-0.19586498,-0.16124363,-0.05488916,-0.46543995,-0.4338619,0.053408578,-1.0358601
-1.0690196,-0.5489431,-0.057291657,-0.096323915,0.06519249,-0.20631103,-0.05374401,2.0294104,6.995609
1.1603346,-0.13917978,-0.06751196,-0.02980224,-0.038461138,0.25330606,-0.10392513,0.509305,3.682723
0.23846084,-1.5047606,-0.15848857,-0.13897702,0.07799672,-0.13122757,-0.16083765,-0.11919536,-0.68825614
-0.42239916,-1.351064,-0.0022120373,-0.106192715,0.02006217,-0.13327761,-0.16958506,-0.13072193,-3.5335865
0.07208411,-0.2702756,0.121314414,-0.11009584,0.06971068,0.03617603,0.13003239,-0.77349794,-2.9964268
-0.27736875,-0.13119343,-0.087792635,0.067691244,0.102800995,-0.22358213,-0.16342099,0.40672335,2.7272859
-1.035465,-2.4447813,-0.029581495,-0.15504153,-0.18873918,-0.21989466,-0.24285299,2.430577,5.856333
-1.0309467,-1.258529,-0.083736986,0.09462491,-0.043777984,-0.20330395,-0.24558496,2.3151264,6.705908
0.45108175,1.4275304,0.13115466,-0.055766203,0.16883294,0.13539392,0.3295939,0.37079287,3.5099635
-1.0835152,-0.9654764,0.054387838,0.19848937,-0.041758936,-0.20679817,-0.24262509,2.1513507,6.5159364
0.016221074,-0.7887476,-0.03621518,-0.16216597,0.045495473,0.039936803,-0.04388335,-0.6950451,-5.7787876
1.0726467,0.57384837,0.08051297,-0.031417906,0.0154236555,0.23582618,0.19587329,-2.4769216,-5.7492657
0.575441,2.9809003,0.24561395,0.08226897,0.08046703,0.23655267,0.4417808,0.0011275543,0.5680718
1.0314379,0.09703308,-0.06043997,-0.06890118,0.024168322,0.21991079,0.07990318,-2.1721845,-6.2403946
-0.80812013,-3.542518,-0.27756703,0.058261205,-0.059158098,-0.2669331,-0.7585546,-0.16470715,0.16693267
1.6007072,0.31607375,0.009530028,-0.055517364,0.0029605734,0.22189951,0.16927749,-2.4349294,-5.7225285
-1.0610988,-0.53346425,-0.03142464,-0.03030346,0.09599831,-0.20073949,-0.054513562,2.0650778,6.905928
-1.6407659,0.19032499,-0.22513993,0.047976594,-0.104625866,-0.34192088,0.05629731,0.20654158,0.07172555
1.1966814,1.0846819,0.097563535,-0.09800818,0.09304036,0.21407157,0.1674535,-2.7202919,-6.723
1.2389745,1.8062143,0.16276063,-0.12419406,-0.04287383,0.33305448,0.18875527,-0.10752295,-5.6564665
0.43462652,1.3331008,0.09784925,-0.049907364,0.07539304,0.11047477,0.23256941,0.35197997,3.1590776
1.2845724,1.2977861,0.1154372,0.2870799,-0.04889954,0.20142508,0.17479558,-2.8002858,-6.429936
-0.20044914,-0.2876538,-0.006438205,-0.12109762,0.038437057,-0.08202186,-0.011856372,1.050429,5.9832854
-1.0531836,0.58869535,-0.021012224,0.071533754,-0.014154089,-0.15451509,0.29475376,-0.0762361,-0.65573597
0.42481333,0.5252316,-0.0031519467,0.23167212,0.2127476,0.06385557,0.17754193,-2.0226984,-5.8548865
-1.1905067,-1.2460438,-0.18657753,-0.14177965,0.099331304,-0.27687973,-0.13185738,-0.20161632,-3.7726324
1.5245237,0.2846739,-0.056942288,-0.17688331,0.07342319,0.34719613,0.18994522,0.090004705,2.6586974
1.5877525,0.9398579,0.08656233,-0.067329474,0.10580152,0.4330034,0.292484,0.09496106,1.8809175
0.9090038,-2.3904278,-0.18382949,0.02999335,0.0064669102,0.38065562,-0.43038926,-0.04857923,0.5737005
-1.005038,-0.79856765,-0.04577118,-0.15757543,0.0015248633,-0.20328297,-0.26812255,2.0846877,6.9675884
1.3906393,1.5700177,0.108800225,-0.12241423,-0.029859448,0.3461102,0.18967322,-0.14177543,-5.4903965
-1.6272453,1.7154592,0.31374356,-0.07052822,0.14122018,-0.3843969,0.23211212,0.24851939,0.40570658
-1.0758578,-0.5811303,-0.045938358,-0.029886115,0.06123248,-0.20268252,-0.05431438,2.0702093,6.971713
-1.5519199,-0.5621385,-0.21077451,0.1179601,0.036817323,-0.30272964,0.054784965,0.18858127,-0.34401292
1.0765008,0.54879516,0.010590777,-0.039617572,0.051765338,0.21638738,0.16916898,-2.3760638,-6.604532
-0.758592,-1.3421707,-0.10985464,-0.1469771,-0.01978655,-0.11822649,-0.14056514,-0.36070505,-4.3546066
-1.0768903,-2.113947,0.081490755,0.16718444,-0.036391616,-0.3349911,-0.26584333,0.7374535,6.163782
-1.8717884,-0.38355994,-0.024997741,-0.08746564,0.20767121,-0.40126818,0.047442798,0.43187416,3.8566546
-1.9414712,1.4872944,0.123795055,-0.0045081377,0.2417672,-0.3940441,0.31012437,0.5171049,3.844055
-0.97281706,-1.8976464,-0.17384492,-0.119639285,0.09859781,-0.14054689,-0.39183605,-0.20918359,-1.634939
-1.0929049,-0.9818176,-0.038371954,-0.023376599,0.019470394,-0.21097422,-0.24255562,2.1686807,6.9200845
-1.0180258,-0.8663693,-0.028325016,-0.1738396,0.10672873,-0.11501576,-0.26921764,2.022357,6.933962
1.5319388,1.289315,0.10488973,0.061032444,0.013052418,0.20372258,0.16731799,-2.833353,-6.5084853
0.6457078,1.0278275,0.10022145,-0.07088861,-0.001628057,0.42911708,0.21980122,-0.47208083,-4.9622927
-1.5674089,-1.4941307,-0.20668387,0.022331722,0.037747882,-0.35744637,-0.39208823,0.02011744,-1.7291285
1.0951533,-0.43251505,0.024062913,-0.15971622,0.05464985,0.010612818,0.052016612,-0.6982876,-4.6617565
0.36174437,0.34089562,-0.018396854,-0.020268539,0.0073970635,-0.00287886,0.07959349,-0.8991284,-6.5386744
0.6748881,0.138874,-0.013801381,-0.08615006,0.0071550864,0.20873159,0.082822256,-2.0353677,-6.339415
-0.82658374,-1.1671985,-0.13652681,0.0735969,-0.025486184,-0.15568991,-0.29083622,-0.108405985,-2.427915
-1.0214113,-0.62035406,0.06996559,-0.1570972,0.020177789,-0.1241911,0.13785306,-0.3298652,-3.6420448
-1.0576231,-0.7896323,-0.018853243,0.0248059,0.1033769,-0.20316553,-0.23930159,2.1498635,7.0314493
0.485258,0.23104964,-0.033164933,-0.08868932,0.22537337,0.1359622,0.16094169,0.29953045,4.4163203
0.4354074,0.6571339,0.11708718,-0.20446941,0.012450643,-0.088795066,0.17697772,-0.6891947,-6.14336
-1.0244688,-1.2524045,-0.041350737,0.04557669,-0.05207279,-0.20372877,-0.24870941,2.3155987,6.793421
0.82071304,1.0844364,0.07457044,0.057587814,-0.074648425,0.2155364,0.17372249,-2.594843,-6.3627777
-0.27186343,0.42528033,-0.046379246,0.014247257,0.08487176,-0.14997281,0.25728834,-0.060986158,-1.0160172
0.17772378,-0.1192979,0.08811769,0.123081446,0.049189873,0.008628237,0.04926994,-0.74145246,-4.558732
0.06457666,0.18083984,-0.01872283,-0.14385311,0.056722645,-0.014631706,0.08567283,-0.7640321,-5.573307
2.5093095,2.6591475,0.24160069,-0.07304146,0.08306214,0.50883967,0.38634744,0.032172944,-1.5200334
1.8163334,-0.40807703,0.24144328,0.18274832,-0.032836996,0.46870905,0.08910354,-0.52933675,-2.7395175
-0.99606496,-1.5004209,-0.0156242065,0.16522571,-0.013511395,-0.19732958,-0.25001183,2.3695543,6.5161405
0.68342465,0.58941853,-0.017493673,-0.1502551,0.0052198744,0.22402331,0.16808525,-2.24172,-6.522121
0.9754228,1.1815492,0.10295994,0.032085516,0.07821673,0.21628247,0.1725646,-2.6222267,-6.612078
-1.0733248,-0.8516732,-0.038619664,0.04520579,0.025742719,-0.20619397,-0.24186578,2.1563957,6.973688
0.1018931,-0.2544904,-0.0077521657,-0.13522275,0.06498747,-0.0061342306,0.10121058,-0.8582786,-5.7250037
-0.06396609,0.38198677,-0.04194706,-0.10381394,0.08913766,-0.08212002,0.017592657,0.6649072,5.367541
-0.0053621456,0.17918766,-0.048517928,-0.085506395,0.09685326,0.1385184,0.0045119696,0.49303126,5.3298144
0.07642687,-0.05612723,-0.05170117,0.05842291,0.0033926691,-0.08159583,0.008354753,0.63300055,5.2607884
-1.4427332,-1.0856917,-0.040690113,-0.08381761,0.17412841,-0.071954176,-0.35517773,0.2659801,5.4101315
-1.0682049,-0.5933891,-0.03721798,-0.07453616,0.08093347,-0.20173077,-0.053743914,2.0498912,6.9832425
-1.0593723,-0.7693021,-0.05663516,0.23306493,-0.0492838,-0.19632779,-0.25084814,2.1503482,6.657297
-1.0358247,-1.236669,-0.024716897,0.037193645,-0.011510685,-0.20406799,-0.24259531,2.3151412,6.8249125
1.1281915,-1.1444966,-0.03394393,-0.043595713,0.09063555,0.47935247,-0.25897098,-0.059554312,2.5835013
1.4146432,1.3749264,0.15704937,-0.06276902,-0.0134629775,0.20571175,0.17060226,-2.8207064,-6.4591417
-1.4517168,-0.79150563,0.13696037,0.45108414,-0.14538807,-0.3361339,-0.43371814,0.74729633,4.452776
0.5742852,0.47257006,-0.08500691,-0.11347981,0.19094603,0.12271028,0.19618103,0.3132223,3.5600243
1.1026887,-0.65080905,-0.08689849,-0.0077581974,0.032680966,0.3901303,-0.30753013,-0.014693979,2.4563248
-1.166388,-1.3413875,-0.022902025,-0.05663208,0.14960006,0.05952854,-0.25298378,0.928137,6.9167414
0.0026825867,-0.26207894,-0.058050167,-0.1168291,0.057150587,0.011582756,0.09391722,-0.8551388,-5.979839
1.3531818,1.3871981,0.17865019,0.031925764,0.03126803,0.20480677,0.1728472,-2.869512,-6.461337
-1.0584006,-0.79543465,-0.051776595,-0.10964563,0.09826979,-0.22077581,-0.24508238,2.1128817,7.101203
0.12812027,2.7281132,0.08662651,0.07608412,0.10650078,-0.04817505,0.56281126,0.050209004,1.6150733
-1.2938582,-0.7645411,-0.022494521,-0.06849198,0.21020524,-0.30769417,-0.12443442,-0.19033338,-3.3249073
-1.053235,-0.8700594,-0.041135624,-0.1140837,0.12041297,-0.21470141,-0.2629534,2.0850408,6.972393
2.2746046,1.2421231,0.09025538,-0.1454453,0.053358197,0.31858838,0.18629053,0.0978822,0.72531575
-2.3698318,-2.2893293,-0.17935036,-0.114496246,0.027242584,-0.47560245,-0.4246841,0.053984743,-0.97737014
1.0308833,0.67120457,0.1158746,-0.12091641,0.020355636,0.216137,0.1686674,-2.4511342,-6.698473
3.037977,2.3326476,-0.08380982,-0.075793855,0.11589692,0.5083373,0.41628984,-0.11728649,-0.8103502
-0.8106647,-1.2731223,-0.16217488,-0.15541646,0.074800596,-0.13560416,-0.25604197,-0.10404036,-2.9098804
0.22085495,-0.9272915,-0.08002302,-0.1355089,0.07203213,0.09464221,-0.17234433,-0.29005364,-4.5414186
0.118730955,-0.24665299,-0.015629383,-0.07291479,0.09760798,0.19270022,0.014341779,0.4867231,5.1685667
1.2766396,1.3696524,0.16045816,-0.022509243,0.0061828457,0.20480677,0.17236981,-2.8747704,-6.622843
-0.87056196,-1.3448482,0.007889794,-0.1397456,0.09116669,-0.124896936,-0.26320046,-0.11397195,-2.8445647
1.1194327,1.4454523,0.19975552,-0.17384821,0.03202511,0.5085896,0.3722394,-0.49750385,-3.3202274
-2.452485,-2.4531686,-0.13789557,-0.1052634,0.03699862,-0.56390756,-0.51900524,0.047363453,-0.036846217
1.4373988,1.3574002,0.16546951,-0.036655974,0.014015367,0.20438947,0.17096493,-2.8753192,-6.5210752
1.4139779,0.98351914,0.13889809,0.049185604,0.076851025,0.20956735,0.17198539,-2.761002,-6.5074396
-1.1996106,0.23963423,-0.04966897,0.062971115,0.19120753,-0.056706265,-0.020440117,1.0948114,6.3775067
-2.7073798,-1.8077958,-0.044558816,-0.11935982,0.036517136,-0.36063367,-0.16997309,-0.105620116,0.6187131
1.1200839,0.30561674,-0.09222544,-0.096558236,0.0736291,0.3656962,0.1861443,0.08057963,2.5475836
-1.8819399,2.1631522,0.22230881,0.06611672,0.11888744,-0.47298962,0.45742404,0.5038068,3.4446838
0.0027616438,-0.5449845,-0.03851476,-0.11414276,0.0894164,0.028066557,-0.04136717,-0.7075768,-5.846544
1.626166,0.38714737,-0.08234158,-0.09485474,-0.06694572,0.3305265,0.18919593,0.09052776,2.9017053
-1.113417,-2.9349127,-0.04869173,-0.35645807,-0.11574403,0.06908083,-0.2671617,0.8680105,5.5506096
-1.3486773,-2.199727,-0.20144737,-0.08013326,-0.02933703,-0.030153986,-0.34928367,-0.21241395,-1.2257012
0.9793261,0.4674812,0.12403161,-0.043311294,0.0071014483,0.2235433,0.16821107,-2.4141033,-6.290781
-1.2687234,-1.8031291,-0.041028492,-0.12353384,0.05702662,-0.36225283,-0.30481339,0.653447,5.8001714
-0.08381693,0.36583248,-0.033559654,-0.032226708,0.10589874,-0.06941539,0.013825923,1.0767395,5.3700953
-0.30156645,0.13457991,-0.03457428,-0.05128062,0.009501398,0.0008284016,0.101125956,-0.8771309,-5.965233
-2.7174656,-1.4031404,-0.17241345,0.032451138,-0.08235995,-0.5922329,-0.14715718,0.42310596,1.1592107
0.47422317,-0.31125426,-0.034222335,-0.17251584,0.18959513,0.15369804,-0.02374417,0.4798437,4.949339
0.40812916,0.824252,-0.08027202,0.118029736,0.024530992,0.119336426,0.23989445,0.32265013,2.910774
1.5173798,1.2876425,0.14873114,0.045262955,0.071433954,0.2036777,0.17080328,-2.8739064,-6.4544106
0.5776257,0.49535787,-0.01661278,0.060948603,0.10046649,0.12579416,0.17725126,0.50720185,4.3434615
-2.238405,-2.8198488,-0.19911945,-0.1453386,0.029352183,-0.27465144,-0.43907276,-0.16789377,-0.9342122
1.3894976,1.3203686,0.16624524,0.039773338,0.016724294,0.20755333,0.17222823,-2.8095589,-6.4687333
-1.0567988,-0.7952542,-0.061202303,0.117598005,-0.088486105,-0.19881004,-0.2478446,2.177845,6.632999
0.8619427,0.6762446,0.08554054,-0.06277814,-0.037197575,0.2118575,0.17322105,-2.467037,-6.4203286
-1.3259504,-3.7103555,-0.107257284,0.04215319,-0.32618916,-0.062941775,-0.3879543,0.068899915,2.8719811
0.2969198,-1.5877512,-0.15794331,-0.07798636,-0.01047206,0.14645599,-0.19763878,-0.32192248,-3.218032
1.378329,1.1059581,0.08454341,0.064110786,0.014275218,0.21576954,0.16735983,-2.7957642,-6.56409
0.20651692,3.2138793,0.34555638,0.23656343,0.0838711,-0.0056499005,0.22505365,-0.13624685,-3.776852
-1.0916821,-0.7521442,-0.05040664,0.063867725,0.033735186,-0.10758447,-0.25774676,2.0999708,6.9043593
1.1425558,-0.28610894,-0.022624012,0.108881384,0.07777254,0.008616961,0.046068784,-0.654078,-4.6071153
0.9501921,0.7022605,0.07942884,-0.15012,0.11246308,0.31343,0.18116109,0.06719869,3.5250425
-1.3180151,3.2326927,0.34603512,0.47207043,0.012882248,-0.4500417,0.5944888,0.38891542,0.10239979
-1.0052686,-1.7013929,-0.12964769,0.12786548,-0.109392844,-0.20348102,-0.24991846,2.4706833,6.502682
1.4734854,1.1732802,0.30837634,-0.14718518,0.09986753,0.1304427,0.1927934,-0.15917744,-1.0999899
0.91647226,0.6106262,0.06859981,-0.13184272,-0.005623261,0.22026448,0.1685319,-2.46054,-6.494816
-0.0392638,-0.06383295,-0.039248824,0.1046555,0.08229073,-0.005519981,0.12133157,-0.75744385,-3.4077375
-1.2064633,-0.8888181,-0.07062074,-0.1415315,0.1315779,0.013216428,-0.2795688,0.9710884,6.8973846
2.8265076,-1.4977311,-0.20367725,0.0134751145,0.012697593,0.45483223,-0.16778591,-0.2643898,-0.18348545
1.7729985,0.059962727,-0.14774354,-0.13829412,0.10008356,0.38118526,0.114698015,0.08931979,1.8589462
1.2056512,1.292297,0.10645279,-0.041703627,0.036236428,0.2306176,0.17080328,-2.760551,-5.964659
-1.0185313,-1.5437014,0.0656121,-0.08073717,-0.07494487,-0.22199407,-0.23740822,2.4140525,6.6635113
1.3800291,1.3203686,0.16624524,0.039773338,0.004372323,0.20755333,0.17222823,-2.7877383,-6.4687333
-1.3948896,-0.78443015,-0.019056117,0.03592071,0.17856663,-0.07198544,-0.36072516,0.27718142,5.6142716
-1.0454575,-1.8344505,-0.09305135,-0.008583923,0.047067694,-0.06915345,-0.26811597,-0.21128668,-3.7772958
1.4030851,0.9228331,0.17418605,-0.094126895,0.08277633,0.21133743,0.27703837,-0.12791234,0.5756442
-0.5591516,-1.2950252,-0.052774206,-0.03908501,0.065670885,-0.058847748,-0.18633416,-0.14755704,-4.662247
-0.54106575,-0.19793122,-0.13696788,0.09981971,-0.053292904,-0.22364551,-0.2615386,0.39936787,2.2072866
-1.2428616,-2.4243557,0.060015075,-0.09280342,-0.20225456,-0.06593301,-0.28234568,-0.13493878,5.9518003
-2.2186036,-2.7274928,-0.16095859,0.12465709,-0.018645426,-0.43931454,-0.50847536,-0.012225436,-0.4820627
-0.6010623,-1.2756263,-0.14155334,-0.16792268,0.046848852,-0.067420214,-0.0722729,-0.31068933,-4.7728696
-2.7479787,-1.0253792,-0.11237951,0.02599481,-0.0952946,-0.6302946,-0.16577467,0.43500012,0.9989062
0.93646646,1.2246274,0.042719044,-0.08317008,0.07948482,0.21492796,0.17245325,-2.5982916,-6.8019943
0.369778,1.5468875,0.1470007,0.11867761,0.0453264,0.14242457,0.3274861,0.34606835,3.261276
0.112050466,1.190159,0.15122603,-0.044596765,0.09922798,-0.124645256,0.3054169,-0.041546423,0.280573
-0.16384807,0.47197068,-0.09121756,0.0945125,-0.053411525,-0.13993172,0.26471618,0.4214266,3.6928127
-0.18808265,-1.6497287,-0.16948555,-0.08408888,-0.001293408,-0.114059016,-0.27195278,-0.11350339,-2.9364257
-0.13451476,-2.423201,-0.27683562,0.08319582,-0.06287739,-0.16470318,-0.7643653,0.4501812,1.4475033
0.58886087,0.8166325,-0.058601446,0.078259155,0.080804884,0.14029816,0.21944913,0.32755226,3.5543513
-0.7127193,1.1564257,0.08181698,-0.18065678,-0.019960416,-0.1714125,0.13653268,-0.059726264,-2.3699093
